Accuracy,Precision,Recall,F1 score
0.8701298701298701,0.7307692307692307,0.8636363636363636,0.7916666666666666
0.7662337662337663,0.5769230769230769,0.6818181818181818,0.625
